{"141":{"Total Score":43301.27731092437,"Total Kills":237.5546218487395,"Total Deaths":306.78991596638656,"Rounds":111.75630252100841,"Kills per Round":1.6718470693343541,"Performance Score":0.16520278056115678},"FI":{"Total Score":551078.7222222222,"Total Kills":5111.083333333333,"Total Deaths":2753.8888888888887,"Rounds":1100.361111111111,"Kills per Round":3.8794919340328042,"Performance Score":0.349683903368358},"FI-R":{"Total Score":226769.41666666666,"Total Kills":1772.6666666666667,"Total Deaths":1420.5,"Rounds":585.75,"Kills per Round":2.434188118916945,"Performance Score":0.23085842676654064},"LDH":{"Total Score":97632.76878612717,"Total Kills":579.8843930635838,"Total Deaths":723.9768786127167,"Rounds":220.13294797687863,"Kills per Round":2.1578855462501974,"Performance Score":0.197791307740046},"R-LDH":{"Total Score":36799.333333333336,"Total Kills":137.33333333333334,"Total Deaths":334.6666666666667,"Rounds":116.0,"Kills per Round":1.0897268142162588,"Performance Score":0.13874795524833794},"SAE":{"Total Score":56257.51219512195,"Total Kills":282.9512195121951,"Total Deaths":457.4878048780488,"Rounds":141.41463414634146,"Kills per Round":1.5029981013668763,"Performance Score":0.1564715615850884}}