{
    "FI": {
        "Total Score": 550845.3888888889,
        "Total Kills": 5110.055555555556,
        "Total Deaths": 2750.3611111111113,
        "Rounds": 1100.0
    },
    "LDH": {
        "Total Score": 96372.03428571428,
        "Total Kills": 572.1542857142857,
        "Total Deaths": 714.6457142857142,
        "Rounds": 217.18857142857144
    },
    "SAE": {
        "Total Score": 57346.55,
        "Total Kills": 287.075,
        "Total Deaths": 465.45,
        "Rounds": 144.0
    }
}