{
    "FI": {
        "Total Score": 550853.7222222222,
        "Total Kills": 5110.277777777777,
        "Total Deaths": 2750.4444444444443,
        "Rounds": 1100.0555555555557,
        "Kills per Round": 3.879639383713977
    },
    "LDH": {
        "Total Score": 97583.17341040462,
        "Total Kills": 579.4104046242775,
        "Total Deaths": 723.4797687861271,
        "Rounds": 219.91329479768785,
        "Kills per Round": 2.1591358841411132
    },
    "SAE": {
        "Total Score": 56174.58536585366,
        "Total Kills": 281.7073170731707,
        "Total Deaths": 456.4146341463415,
        "Rounds": 141.0731707317073,
        "Kills per Round": 1.5008573377860825
    }
}