{
    "FI": {
        "Total Score": 550845.3888888889,
        "Total Kills": 5110.055555555556,
        "Total Deaths": 2750.3611111111113,
        "Rounds": 1100.0
    },
    "LDH": {
        "Total Score": 96484.50857142857,
        "Total Kills": 572.6171428571429,
        "Total Deaths": 715.04,
        "Rounds": 217.3257142857143
    },
    "SAE": {
        "Total Score": 56150.39024390244,
        "Total Kills": 280.9024390243902,
        "Total Deaths": 455.8048780487805,
        "Rounds": 140.90243902439025
    }
}