{
  "version": "v3",
  "generated_at": "2026-06-23 20:20:28",
  "thresholds": {
    "elite": 0.82452,
    "veterano": 0.6954,
    "experimentado": 0.56864,
    "soldado": 0.43056
  },
  "target_distribution": [
    0.1,
    0.3,
    0.35,
    0.2,
    0.05
  ],
  "predictor_weights": {
    "ps": 0.4,
    "kd": 0.25,
    "kpr": 0.15,
    "winrate": 0.2
  },
  "ps_stats": {
    "mean": 0.4237,
    "median": 0.4777,
    "p95": 0.7948,
    "max": 0.9335
  }
}