{
  "version": "v3",
  "generated_at": "2026-06-30 07:01:32",
  "thresholds": {
    "elite": 0.8255399999999998,
    "veterano": 0.7037,
    "experimentado": 0.56974,
    "soldado": 0.43138
  },
  "target_distribution": [
    0.1,
    0.3,
    0.35,
    0.2,
    0.05
  ],
  "predictor_weights": {
    "ps": 0.4,
    "kd": 0.25,
    "kpr": 0.15,
    "winrate": 0.2
  },
  "ps_stats": {
    "mean": 0.4264,
    "median": 0.4848,
    "p95": 0.8029,
    "max": 0.931
  }
}