{
  "version": "v3",
  "generated_at": "2026-06-24 18:22:32",
  "thresholds": {
    "elite": 0.8245899999999999,
    "veterano": 0.6954750000000001,
    "experimentado": 0.56878,
    "soldado": 0.43067
  },
  "target_distribution": [
    0.1,
    0.3,
    0.35,
    0.2,
    0.05
  ],
  "predictor_weights": {
    "ps": 0.4,
    "kd": 0.25,
    "kpr": 0.15,
    "winrate": 0.2
  },
  "ps_stats": {
    "mean": 0.4238,
    "median": 0.4778,
    "p95": 0.7957,
    "max": 0.9333
  }
}