{
  "version": "v3",
  "generated_at": "2026-06-20 00:18:56",
  "thresholds": {
    "elite": 0.82573,
    "veterano": 0.694375,
    "experimentado": 0.56794,
    "soldado": 0.43046
  },
  "target_distribution": [
    0.1,
    0.3,
    0.35,
    0.2,
    0.05
  ],
  "predictor_weights": {
    "ps": 0.4,
    "kd": 0.25,
    "kpr": 0.15,
    "winrate": 0.2
  },
  "ps_stats": {
    "mean": 0.4238,
    "median": 0.48,
    "p95": 0.7956,
    "max": 0.9335
  }
}