{
  "version": "v3",
  "generated_at": "2026-06-14 23:58:52",
  "thresholds": {
    "elite": 0.8283699999999999,
    "veterano": 0.687225,
    "experimentado": 0.54652,
    "soldado": 0.38321
  },
  "target_distribution": [
    0.1,
    0.3,
    0.35,
    0.2,
    0.05
  ],
  "predictor_weights": {
    "ps": 0.4,
    "kd": 0.25,
    "kpr": 0.15,
    "winrate": 0.2
  },
  "ps_stats": {
    "mean": 0.5359,
    "median": 0.5602,
    "p95": 0.8201,
    "max": 0.9066
  }
}