{
  "version": "v3",
  "generated_at": "2026-07-19 06:22:13",
  "thresholds": {
    "elite": 0.8228949999999999,
    "veterano": 0.705525,
    "experimentado": 0.56962,
    "soldado": 0.43036
  },
  "target_distribution": [
    0.1,
    0.3,
    0.35,
    0.2,
    0.05
  ],
  "predictor_weights": {
    "ps": 0.4,
    "kd": 0.25,
    "kpr": 0.15,
    "winrate": 0.2
  },
  "norm_caps": {
    "kd": 5.0,
    "spr": 500.0,
    "kpr": 10.0,
    "rounds": 1000.0
  },
  "min_rounds": 50,
  "ps_stats": {
    "mean": 0.4274,
    "median": 0.486,
    "p95": 0.8018,
    "max": 0.9286
  }
}