{
  "version": "v3",
  "generated_at": "2026-06-25 21:02:10",
  "thresholds": {
    "elite": 0.824315,
    "veterano": 0.6954750000000001,
    "experimentado": 0.5687,
    "soldado": 0.43052
  },
  "target_distribution": [
    0.1,
    0.3,
    0.35,
    0.2,
    0.05
  ],
  "predictor_weights": {
    "ps": 0.4,
    "kd": 0.25,
    "kpr": 0.15,
    "winrate": 0.2
  },
  "ps_stats": {
    "mean": 0.4235,
    "median": 0.4785,
    "p95": 0.7953,
    "max": 0.9339
  }
}