{
  "version": "v3",
  "generated_at": "2026-06-28 22:54:20",
  "thresholds": {
    "elite": 0.825345,
    "veterano": 0.697225,
    "experimentado": 0.56974,
    "soldado": 0.43125
  },
  "target_distribution": [
    0.1,
    0.3,
    0.35,
    0.2,
    0.05
  ],
  "predictor_weights": {
    "ps": 0.4,
    "kd": 0.25,
    "kpr": 0.15,
    "winrate": 0.2
  },
  "ps_stats": {
    "mean": 0.4249,
    "median": 0.481,
    "p95": 0.7981,
    "max": 0.9335
  }
}