{
  "version": "v3",
  "generated_at": "2026-06-27 22:51:53",
  "thresholds": {
    "elite": 0.8256600000000001,
    "veterano": 0.698225,
    "experimentado": 0.5699,
    "soldado": 0.43144
  },
  "target_distribution": [
    0.1,
    0.3,
    0.35,
    0.2,
    0.05
  ],
  "predictor_weights": {
    "ps": 0.4,
    "kd": 0.25,
    "kpr": 0.15,
    "winrate": 0.2
  },
  "ps_stats": {
    "mean": 0.425,
    "median": 0.4813,
    "p95": 0.8001,
    "max": 0.9335
  }
}