{
  "version": "v3",
  "generated_at": "2026-06-29 12:22:18",
  "thresholds": {
    "elite": 0.8264250000000001,
    "veterano": 0.6978249999999999,
    "experimentado": 0.5698799999999999,
    "soldado": 0.43135
  },
  "target_distribution": [
    0.1,
    0.3,
    0.35,
    0.2,
    0.05
  ],
  "predictor_weights": {
    "ps": 0.4,
    "kd": 0.25,
    "kpr": 0.15,
    "winrate": 0.2
  },
  "ps_stats": {
    "mean": 0.4246,
    "median": 0.4811,
    "p95": 0.7976,
    "max": 0.9335
  }
}