{
  "version": "v3",
  "generated_at": "2026-06-15 21:25:26",
  "thresholds": {
    "elite": 0.8341799999999996,
    "veterano": 0.691875,
    "experimentado": 0.56246,
    "soldado": 0.42985
  },
  "target_distribution": [
    0.1,
    0.3,
    0.35,
    0.2,
    0.05
  ],
  "predictor_weights": {
    "ps": 0.4,
    "kd": 0.25,
    "kpr": 0.15,
    "winrate": 0.2
  },
  "ps_stats": {
    "mean": 0.4085,
    "median": 0.454,
    "p95": 0.7897,
    "max": 0.9277
  }
}