{
  "version": "v3",
  "generated_at": "2026-07-09 15:25:31",
  "thresholds": {
    "elite": 0.8230299999999999,
    "veterano": 0.7061499999999999,
    "experimentado": 0.57006,
    "soldado": 0.43074
  },
  "target_distribution": [
    0.1,
    0.3,
    0.35,
    0.2,
    0.05
  ],
  "predictor_weights": {
    "ps": 0.4,
    "kd": 0.25,
    "kpr": 0.15,
    "winrate": 0.2
  },
  "norm_caps": {
    "kd": 5.0,
    "spr": 500.0,
    "kpr": 10.0,
    "rounds": 1000.0
  },
  "min_rounds": 50,
  "ps_stats": {
    "mean": 0.4274,
    "median": 0.4856,
    "p95": 0.7981,
    "max": 0.9279
  }
}