{
  "version": "v3",
  "generated_at": "2026-06-18 07:11:06",
  "thresholds": {
    "elite": 0.8345699999999999,
    "veterano": 0.68755,
    "experimentado": 0.56246,
    "soldado": 0.42994
  },
  "target_distribution": [
    0.1,
    0.3,
    0.35,
    0.2,
    0.05
  ],
  "predictor_weights": {
    "ps": 0.4,
    "kd": 0.25,
    "kpr": 0.15,
    "winrate": 0.2
  },
  "ps_stats": {
    "mean": 0.4088,
    "median": 0.4549,
    "p95": 0.787,
    "max": 0.9202
  }
}