{
  "version": "v3",
  "generated_at": "2026-06-14 05:39:11",
  "thresholds": {
    "elite": 0.8286749999999999,
    "veterano": 0.6813,
    "experimentado": 0.54506,
    "soldado": 0.38371
  },
  "target_distribution": [
    0.1,
    0.3,
    0.35,
    0.2,
    0.05
  ],
  "predictor_weights": {
    "ps": 0.4,
    "kd": 0.25,
    "kpr": 0.15,
    "winrate": 0.2
  },
  "ps_stats": {
    "mean": 0.5347,
    "median": 0.5592,
    "p95": 0.8193,
    "max": 0.9068
  }
}