{
  "version": "v3",
  "generated_at": "2026-06-19 19:55:26",
  "thresholds": {
    "elite": 0.826955,
    "veterano": 0.69415,
    "experimentado": 0.5678799999999999,
    "soldado": 0.42947
  },
  "target_distribution": [
    0.1,
    0.3,
    0.35,
    0.2,
    0.05
  ],
  "predictor_weights": {
    "ps": 0.4,
    "kd": 0.25,
    "kpr": 0.15,
    "winrate": 0.2
  },
  "ps_stats": {
    "mean": 0.4239,
    "median": 0.481,
    "p95": 0.7957,
    "max": 0.9338
  }
}