{
  "version": "v3",
  "generated_at": "2026-06-15 19:12:36",
  "thresholds": {
    "elite": 0.8296800000000001,
    "veterano": 0.6866,
    "experimentado": 0.54752,
    "soldado": 0.38376
  },
  "target_distribution": [
    0.1,
    0.3,
    0.35,
    0.2,
    0.05
  ],
  "predictor_weights": {
    "ps": 0.4,
    "kd": 0.25,
    "kpr": 0.15,
    "winrate": 0.2
  },
  "ps_stats": {
    "mean": 0.5364,
    "median": 0.5606,
    "p95": 0.825,
    "max": 0.9062
  }
}