{
  "version": "v3",
  "generated_at": "2026-06-14 16:14:49",
  "thresholds": {
    "elite": 0.830695,
    "veterano": 0.68445,
    "experimentado": 0.54818,
    "soldado": 0.38365
  },
  "target_distribution": [
    0.1,
    0.3,
    0.35,
    0.2,
    0.05
  ],
  "predictor_weights": {
    "ps": 0.4,
    "kd": 0.25,
    "kpr": 0.15,
    "winrate": 0.2
  },
  "ps_stats": {
    "mean": 0.536,
    "median": 0.5605,
    "p95": 0.821,
    "max": 0.9057
  }
}