{
  "version": "v3",
  "generated_at": "2026-07-18 15:37:05",
  "thresholds": {
    "elite": 0.82242,
    "veterano": 0.7051999999999999,
    "experimentado": 0.56998,
    "soldado": 0.43036
  },
  "target_distribution": [
    0.1,
    0.3,
    0.35,
    0.2,
    0.05
  ],
  "predictor_weights": {
    "ps": 0.4,
    "kd": 0.25,
    "kpr": 0.15,
    "winrate": 0.2
  },
  "norm_caps": {
    "kd": 5.0,
    "spr": 500.0,
    "kpr": 10.0,
    "rounds": 1000.0
  },
  "min_rounds": 50,
  "ps_stats": {
    "mean": 0.4273,
    "median": 0.4855,
    "p95": 0.8018,
    "max": 0.929
  }
}