{
  "version": "v3",
  "generated_at": "2026-06-20 16:59:30",
  "thresholds": {
    "elite": 0.827325,
    "veterano": 0.695025,
    "experimentado": 0.5673400000000001,
    "soldado": 0.43067
  },
  "target_distribution": [
    0.1,
    0.3,
    0.35,
    0.2,
    0.05
  ],
  "predictor_weights": {
    "ps": 0.4,
    "kd": 0.25,
    "kpr": 0.15,
    "winrate": 0.2
  },
  "ps_stats": {
    "mean": 0.4236,
    "median": 0.4781,
    "p95": 0.7956,
    "max": 0.9337
  }
}