{
  "version": "v3",
  "generated_at": "2026-06-30 13:58:16",
  "thresholds": {
    "elite": 0.82658,
    "veterano": 0.7045,
    "experimentado": 0.5682400000000001,
    "soldado": 0.4307
  },
  "target_distribution": [
    0.1,
    0.3,
    0.35,
    0.2,
    0.05
  ],
  "predictor_weights": {
    "ps": 0.4,
    "kd": 0.25,
    "kpr": 0.15,
    "winrate": 0.2
  },
  "ps_stats": {
    "mean": 0.4264,
    "median": 0.4841,
    "p95": 0.8029,
    "max": 0.931
  }
}