{
  "version": "v3",
  "generated_at": "2026-06-26 14:23:21",
  "thresholds": {
    "elite": 0.82447,
    "veterano": 0.695575,
    "experimentado": 0.56894,
    "soldado": 0.4308
  },
  "target_distribution": [
    0.1,
    0.3,
    0.35,
    0.2,
    0.05
  ],
  "predictor_weights": {
    "ps": 0.4,
    "kd": 0.25,
    "kpr": 0.15,
    "winrate": 0.2
  },
  "ps_stats": {
    "mean": 0.4235,
    "median": 0.4786,
    "p95": 0.7947,
    "max": 0.9335
  }
}