{
  "version": "v3",
  "generated_at": "2026-06-30 15:58:26",
  "thresholds": {
    "elite": 0.82692,
    "veterano": 0.7042,
    "experimentado": 0.5683400000000001,
    "soldado": 0.43141999999999997
  },
  "target_distribution": [
    0.1,
    0.3,
    0.35,
    0.2,
    0.05
  ],
  "predictor_weights": {
    "ps": 0.4,
    "kd": 0.25,
    "kpr": 0.15,
    "winrate": 0.2
  },
  "ps_stats": {
    "mean": 0.4264,
    "median": 0.4844,
    "p95": 0.8029,
    "max": 0.931
  }
}