{
  "version": "v3",
  "generated_at": "2026-07-21 08:30:06",
  "thresholds": {
    "elite": 0.8236549999999998,
    "veterano": 0.704925,
    "experimentado": 0.57016,
    "soldado": 0.43048000000000003
  },
  "target_distribution": [
    0.1,
    0.3,
    0.35,
    0.2,
    0.05
  ],
  "predictor_weights": {
    "ps": 0.4,
    "kd": 0.25,
    "kpr": 0.15,
    "winrate": 0.2
  },
  "norm_caps": {
    "kd": 5.0,
    "spr": 500.0,
    "kpr": 10.0,
    "rounds": 1000.0
  },
  "min_rounds": 50,
  "ps_stats": {
    "mean": 0.4271,
    "median": 0.4859,
    "p95": 0.8007,
    "max": 0.9281
  }
}