{
  "version": "v3",
  "generated_at": "2026-06-18 16:11:26",
  "thresholds": {
    "elite": 0.8165699999999999,
    "veterano": 0.68295,
    "experimentado": 0.5611200000000001,
    "soldado": 0.4278
  },
  "target_distribution": [
    0.1,
    0.3,
    0.35,
    0.2,
    0.05
  ],
  "predictor_weights": {
    "ps": 0.4,
    "kd": 0.25,
    "kpr": 0.15,
    "winrate": 0.2
  },
  "ps_stats": {
    "mean": 0.4172,
    "median": 0.4737,
    "p95": 0.7685,
    "max": 0.9178
  }
}