{
  "version": "v3",
  "generated_at": "2026-06-29 21:42:18",
  "thresholds": {
    "elite": 0.826875,
    "veterano": 0.702625,
    "experimentado": 0.5694,
    "soldado": 0.43135
  },
  "target_distribution": [
    0.1,
    0.3,
    0.35,
    0.2,
    0.05
  ],
  "predictor_weights": {
    "ps": 0.4,
    "kd": 0.25,
    "kpr": 0.15,
    "winrate": 0.2
  },
  "ps_stats": {
    "mean": 0.426,
    "median": 0.4836,
    "p95": 0.8024,
    "max": 0.9311
  }
}