{
  "version": "v3",
  "generated_at": "2026-06-18 20:24:31",
  "thresholds": {
    "elite": 0.82736,
    "veterano": 0.6923,
    "experimentado": 0.56706,
    "soldado": 0.42984
  },
  "target_distribution": [
    0.1,
    0.3,
    0.35,
    0.2,
    0.05
  ],
  "predictor_weights": {
    "ps": 0.4,
    "kd": 0.25,
    "kpr": 0.15,
    "winrate": 0.2
  },
  "ps_stats": {
    "mean": 0.4234,
    "median": 0.481,
    "p95": 0.7934,
    "max": 0.9338
  }
}