{
  "version": "v3",
  "generated_at": "2026-06-25 03:49:30",
  "thresholds": {
    "elite": 0.8245199999999999,
    "veterano": 0.6953,
    "experimentado": 0.56854,
    "soldado": 0.4307
  },
  "target_distribution": [
    0.1,
    0.3,
    0.35,
    0.2,
    0.05
  ],
  "predictor_weights": {
    "ps": 0.4,
    "kd": 0.25,
    "kpr": 0.15,
    "winrate": 0.2
  },
  "ps_stats": {
    "mean": 0.4235,
    "median": 0.4779,
    "p95": 0.7956,
    "max": 0.934
  }
}