{
  "version": "v3",
  "generated_at": "2026-06-25 14:30:49",
  "thresholds": {
    "elite": 0.8243849999999999,
    "veterano": 0.695175,
    "experimentado": 0.5687599999999999,
    "soldado": 0.4305
  },
  "target_distribution": [
    0.1,
    0.3,
    0.35,
    0.2,
    0.05
  ],
  "predictor_weights": {
    "ps": 0.4,
    "kd": 0.25,
    "kpr": 0.15,
    "winrate": 0.2
  },
  "ps_stats": {
    "mean": 0.4236,
    "median": 0.479,
    "p95": 0.7956,
    "max": 0.934
  }
}