{
  "version": "v3",
  "generated_at": "2026-07-01 15:07:20",
  "thresholds": {
    "elite": 0.8232499999999999,
    "veterano": 0.706075,
    "experimentado": 0.5703,
    "soldado": 0.43091999999999997
  },
  "target_distribution": [
    0.1,
    0.3,
    0.35,
    0.2,
    0.05
  ],
  "predictor_weights": {
    "ps": 0.4,
    "kd": 0.25,
    "kpr": 0.15,
    "winrate": 0.2
  },
  "ps_stats": {
    "mean": 0.4272,
    "median": 0.4852,
    "p95": 0.799,
    "max": 0.9307
  }
}