{
  "version": "v3",
  "generated_at": "2026-06-28 11:48:07",
  "thresholds": {
    "elite": 0.82525,
    "veterano": 0.69795,
    "experimentado": 0.5699,
    "soldado": 0.4314
  },
  "target_distribution": [
    0.1,
    0.3,
    0.35,
    0.2,
    0.05
  ],
  "predictor_weights": {
    "ps": 0.4,
    "kd": 0.25,
    "kpr": 0.15,
    "winrate": 0.2
  },
  "ps_stats": {
    "mean": 0.4249,
    "median": 0.4812,
    "p95": 0.8002,
    "max": 0.9335
  }
}