{
  "version": "v3",
  "generated_at": "2026-06-25 18:13:40",
  "thresholds": {
    "elite": 0.8243849999999999,
    "veterano": 0.6955,
    "experimentado": 0.56872,
    "soldado": 0.4305
  },
  "target_distribution": [
    0.1,
    0.3,
    0.35,
    0.2,
    0.05
  ],
  "predictor_weights": {
    "ps": 0.4,
    "kd": 0.25,
    "kpr": 0.15,
    "winrate": 0.2
  },
  "ps_stats": {
    "mean": 0.4237,
    "median": 0.479,
    "p95": 0.7956,
    "max": 0.934
  }
}