{
  "version": "v3",
  "generated_at": "2026-06-30 21:29:47",
  "thresholds": {
    "elite": 0.8257799999999998,
    "veterano": 0.7046,
    "experimentado": 0.5701,
    "soldado": 0.43038000000000004
  },
  "target_distribution": [
    0.1,
    0.3,
    0.35,
    0.2,
    0.05
  ],
  "predictor_weights": {
    "ps": 0.4,
    "kd": 0.25,
    "kpr": 0.15,
    "winrate": 0.2
  },
  "ps_stats": {
    "mean": 0.4266,
    "median": 0.4841,
    "p95": 0.803,
    "max": 0.9308
  }
}