{
  "version": "v3",
  "generated_at": "2026-06-28 13:00:47",
  "thresholds": {
    "elite": 0.82525,
    "veterano": 0.6980500000000001,
    "experimentado": 0.57,
    "soldado": 0.4315
  },
  "target_distribution": [
    0.1,
    0.3,
    0.35,
    0.2,
    0.05
  ],
  "predictor_weights": {
    "ps": 0.4,
    "kd": 0.25,
    "kpr": 0.15,
    "winrate": 0.2
  },
  "ps_stats": {
    "mean": 0.4248,
    "median": 0.4813,
    "p95": 0.8001,
    "max": 0.9335
  }
}