{
  "version": "v3",
  "generated_at": "2026-06-16 09:07:17",
  "thresholds": {
    "elite": 0.8357599999999998,
    "veterano": 0.6918,
    "experimentado": 0.56152,
    "soldado": 0.43054
  },
  "target_distribution": [
    0.1,
    0.3,
    0.35,
    0.2,
    0.05
  ],
  "predictor_weights": {
    "ps": 0.4,
    "kd": 0.25,
    "kpr": 0.15,
    "winrate": 0.2
  },
  "ps_stats": {
    "mean": 0.4085,
    "median": 0.454,
    "p95": 0.7892,
    "max": 0.9213
  }
}