{
  "version": "v3",
  "generated_at": "2026-06-14 18:03:21",
  "thresholds": {
    "elite": 0.8282499999999999,
    "veterano": 0.6865749999999999,
    "experimentado": 0.5476,
    "soldado": 0.38365
  },
  "target_distribution": [
    0.1,
    0.3,
    0.35,
    0.2,
    0.05
  ],
  "predictor_weights": {
    "ps": 0.4,
    "kd": 0.25,
    "kpr": 0.15,
    "winrate": 0.2
  },
  "ps_stats": {
    "mean": 0.5363,
    "median": 0.5613,
    "p95": 0.8247,
    "max": 0.9057
  }
}