{
  "version": "v3",
  "generated_at": "2026-06-29 00:33:05",
  "thresholds": {
    "elite": 0.8264800000000001,
    "veterano": 0.6972,
    "experimentado": 0.56974,
    "soldado": 0.43125
  },
  "target_distribution": [
    0.1,
    0.3,
    0.35,
    0.2,
    0.05
  ],
  "predictor_weights": {
    "ps": 0.4,
    "kd": 0.25,
    "kpr": 0.15,
    "winrate": 0.2
  },
  "ps_stats": {
    "mean": 0.425,
    "median": 0.4812,
    "p95": 0.7979,
    "max": 0.9335
  }
}