{
  "version": "v3",
  "generated_at": "2026-07-06 22:23:37",
  "thresholds": {
    "elite": 0.822905,
    "veterano": 0.706125,
    "experimentado": 0.5698599999999999,
    "soldado": 0.43096
  },
  "target_distribution": [
    0.1,
    0.3,
    0.35,
    0.2,
    0.05
  ],
  "predictor_weights": {
    "ps": 0.4,
    "kd": 0.25,
    "kpr": 0.15,
    "winrate": 0.2
  },
  "norm_caps": {
    "kd": 5.0,
    "spr": 500.0,
    "kpr": 10.0,
    "rounds": 1000.0
  },
  "min_rounds": 50,
  "ps_stats": {
    "mean": 0.4275,
    "median": 0.4857,
    "p95": 0.7978,
    "max": 0.9285
  }
}