{
  "version": "v3",
  "generated_at": "2026-07-01 07:32:55",
  "thresholds": {
    "elite": 0.82444,
    "veterano": 0.7047,
    "experimentado": 0.5704600000000001,
    "soldado": 0.43038000000000004
  },
  "target_distribution": [
    0.1,
    0.3,
    0.35,
    0.2,
    0.05
  ],
  "predictor_weights": {
    "ps": 0.4,
    "kd": 0.25,
    "kpr": 0.15,
    "winrate": 0.2
  },
  "ps_stats": {
    "mean": 0.4267,
    "median": 0.4847,
    "p95": 0.8022,
    "max": 0.9309
  }
}