{
  "version": "v3",
  "generated_at": "2026-06-18 20:05:49",
  "thresholds": {
    "elite": 0.8244599999999999,
    "veterano": 0.6909,
    "experimentado": 0.5667,
    "soldado": 0.42984
  },
  "target_distribution": [
    0.1,
    0.3,
    0.35,
    0.2,
    0.05
  ],
  "predictor_weights": {
    "ps": 0.4,
    "kd": 0.25,
    "kpr": 0.15,
    "winrate": 0.2
  },
  "ps_stats": {
    "mean": 0.423,
    "median": 0.4803,
    "p95": 0.791,
    "max": 0.9338
  }
}