{
  "version": "v3",
  "generated_at": "2026-07-22 22:18:45",
  "thresholds": {
    "elite": 0.8252999999999999,
    "veterano": 0.7054,
    "experimentado": 0.56984,
    "soldado": 0.4307
  },
  "target_distribution": [
    0.1,
    0.3,
    0.35,
    0.2,
    0.05
  ],
  "predictor_weights": {
    "ps": 0.4,
    "kd": 0.25,
    "kpr": 0.15,
    "winrate": 0.2
  },
  "norm_caps": {
    "kd": 5.0,
    "spr": 500.0,
    "kpr": 10.0,
    "rounds": 1000.0
  },
  "min_rounds": 50,
  "ps_stats": {
    "mean": 0.427,
    "median": 0.4856,
    "p95": 0.8005,
    "max": 0.9271
  }
}