{
  "version": "v3",
  "generated_at": "2026-06-24 19:47:08",
  "thresholds": {
    "elite": 0.82449,
    "veterano": 0.6953750000000001,
    "experimentado": 0.56886,
    "soldado": 0.43074
  },
  "target_distribution": [
    0.1,
    0.3,
    0.35,
    0.2,
    0.05
  ],
  "predictor_weights": {
    "ps": 0.4,
    "kd": 0.25,
    "kpr": 0.15,
    "winrate": 0.2
  },
  "ps_stats": {
    "mean": 0.4235,
    "median": 0.4778,
    "p95": 0.7956,
    "max": 0.933
  }
}