{
  "version": "v3",
  "generated_at": "2026-06-22 12:22:03",
  "thresholds": {
    "elite": 0.826475,
    "veterano": 0.695525,
    "experimentado": 0.5685,
    "soldado": 0.431
  },
  "target_distribution": [
    0.1,
    0.3,
    0.35,
    0.2,
    0.05
  ],
  "predictor_weights": {
    "ps": 0.4,
    "kd": 0.25,
    "kpr": 0.15,
    "winrate": 0.2
  },
  "ps_stats": {
    "mean": 0.4233,
    "median": 0.4778,
    "p95": 0.7945,
    "max": 0.9334
  }
}