{
  "version": "v3",
  "generated_at": "2026-07-16 09:53:13",
  "thresholds": {
    "elite": 0.8235199999999999,
    "veterano": 0.7054,
    "experimentado": 0.5708799999999999,
    "soldado": 0.43024
  },
  "target_distribution": [
    0.1,
    0.3,
    0.35,
    0.2,
    0.05
  ],
  "predictor_weights": {
    "ps": 0.4,
    "kd": 0.25,
    "kpr": 0.15,
    "winrate": 0.2
  },
  "norm_caps": {
    "kd": 5.0,
    "spr": 500.0,
    "kpr": 10.0,
    "rounds": 1000.0
  },
  "min_rounds": 50,
  "ps_stats": {
    "mean": 0.428,
    "median": 0.4872,
    "p95": 0.8015,
    "max": 0.9285
  }
}