{
  "version": "v3",
  "generated_at": "2026-06-26 05:19:51",
  "thresholds": {
    "elite": 0.824415,
    "veterano": 0.69555,
    "experimentado": 0.5689,
    "soldado": 0.4307
  },
  "target_distribution": [
    0.1,
    0.3,
    0.35,
    0.2,
    0.05
  ],
  "predictor_weights": {
    "ps": 0.4,
    "kd": 0.25,
    "kpr": 0.15,
    "winrate": 0.2
  },
  "ps_stats": {
    "mean": 0.4236,
    "median": 0.4792,
    "p95": 0.7944,
    "max": 0.9335
  }
}