{
  "version": "v3",
  "generated_at": "2026-06-21 02:23:42",
  "thresholds": {
    "elite": 0.8267,
    "veterano": 0.69485,
    "experimentado": 0.5673,
    "soldado": 0.43075
  },
  "target_distribution": [
    0.1,
    0.3,
    0.35,
    0.2,
    0.05
  ],
  "predictor_weights": {
    "ps": 0.4,
    "kd": 0.25,
    "kpr": 0.15,
    "winrate": 0.2
  },
  "ps_stats": {
    "mean": 0.4234,
    "median": 0.4778,
    "p95": 0.7956,
    "max": 0.9337
  }
}