{
  "version": "v3",
  "generated_at": "2026-06-23 08:29:27",
  "thresholds": {
    "elite": 0.8249799999999999,
    "veterano": 0.69545,
    "experimentado": 0.56842,
    "soldado": 0.43066
  },
  "target_distribution": [
    0.1,
    0.3,
    0.35,
    0.2,
    0.05
  ],
  "predictor_weights": {
    "ps": 0.4,
    "kd": 0.25,
    "kpr": 0.15,
    "winrate": 0.2
  },
  "ps_stats": {
    "mean": 0.4236,
    "median": 0.4779,
    "p95": 0.7947,
    "max": 0.9333
  }
}