{
  "version": "v3",
  "generated_at": "2026-06-16 14:58:36",
  "thresholds": {
    "elite": 0.835745,
    "veterano": 0.690475,
    "experimentado": 0.56146,
    "soldado": 0.43047
  },
  "target_distribution": [
    0.1,
    0.3,
    0.35,
    0.2,
    0.05
  ],
  "predictor_weights": {
    "ps": 0.4,
    "kd": 0.25,
    "kpr": 0.15,
    "winrate": 0.2
  },
  "ps_stats": {
    "mean": 0.4085,
    "median": 0.454,
    "p95": 0.7902,
    "max": 0.9202
  }
}