{
  "version": "v3",
  "generated_at": "2026-06-30 11:48:25",
  "thresholds": {
    "elite": 0.8245999999999999,
    "veterano": 0.7038,
    "experimentado": 0.56984,
    "soldado": 0.4308
  },
  "target_distribution": [
    0.1,
    0.3,
    0.35,
    0.2,
    0.05
  ],
  "predictor_weights": {
    "ps": 0.4,
    "kd": 0.25,
    "kpr": 0.15,
    "winrate": 0.2
  },
  "ps_stats": {
    "mean": 0.4261,
    "median": 0.4844,
    "p95": 0.8024,
    "max": 0.931
  }
}