{
  "version": "v3",
  "generated_at": "2026-07-01 18:47:27",
  "thresholds": {
    "elite": 0.822475,
    "veterano": 0.705225,
    "experimentado": 0.57006,
    "soldado": 0.43151999999999996
  },
  "target_distribution": [
    0.1,
    0.3,
    0.35,
    0.2,
    0.05
  ],
  "predictor_weights": {
    "ps": 0.4,
    "kd": 0.25,
    "kpr": 0.15,
    "winrate": 0.2
  },
  "ps_stats": {
    "mean": 0.4271,
    "median": 0.4859,
    "p95": 0.7981,
    "max": 0.9309
  }
}