{
  "version": "v3",
  "generated_at": "2026-06-27 20:39:24",
  "thresholds": {
    "elite": 0.825245,
    "veterano": 0.698275,
    "experimentado": 0.56982,
    "soldado": 0.43155
  },
  "target_distribution": [
    0.1,
    0.3,
    0.35,
    0.2,
    0.05
  ],
  "predictor_weights": {
    "ps": 0.4,
    "kd": 0.25,
    "kpr": 0.15,
    "winrate": 0.2
  },
  "ps_stats": {
    "mean": 0.4249,
    "median": 0.4812,
    "p95": 0.7992,
    "max": 0.9335
  }
}