{
  "version": "v3",
  "generated_at": "2026-07-15 22:12:22",
  "thresholds": {
    "elite": 0.8254,
    "veterano": 0.7108749999999999,
    "experimentado": 0.5646,
    "soldado": 0.42897
  },
  "target_distribution": [
    0.1,
    0.3,
    0.35,
    0.2,
    0.05
  ],
  "predictor_weights": {
    "ps": 0.4,
    "kd": 0.25,
    "kpr": 0.15,
    "winrate": 0.2
  },
  "norm_caps": {
    "kd": 5.0,
    "spr": 500.0,
    "kpr": 10.0,
    "rounds": 1000.0
  },
  "min_rounds": 50,
  "ps_stats": {
    "mean": 0.4392,
    "median": 0.4949,
    "p95": 0.8022,
    "max": 0.9248
  }
}