{
  "version": "v3",
  "generated_at": "2026-06-15 16:42:17",
  "thresholds": {
    "elite": 0.82993,
    "veterano": 0.687225,
    "experimentado": 0.54834,
    "soldado": 0.38381000000000004
  },
  "target_distribution": [
    0.1,
    0.3,
    0.35,
    0.2,
    0.05
  ],
  "predictor_weights": {
    "ps": 0.4,
    "kd": 0.25,
    "kpr": 0.15,
    "winrate": 0.2
  },
  "ps_stats": {
    "mean": 0.5362,
    "median": 0.5601,
    "p95": 0.8206,
    "max": 0.9065
  }
}