{
  "version": "v3",
  "generated_at": "2026-07-01 03:29:23",
  "thresholds": {
    "elite": 0.82466,
    "veterano": 0.7046,
    "experimentado": 0.5702400000000001,
    "soldado": 0.43012
  },
  "target_distribution": [
    0.1,
    0.3,
    0.35,
    0.2,
    0.05
  ],
  "predictor_weights": {
    "ps": 0.4,
    "kd": 0.25,
    "kpr": 0.15,
    "winrate": 0.2
  },
  "ps_stats": {
    "mean": 0.4265,
    "median": 0.484,
    "p95": 0.8025,
    "max": 0.9309
  }
}