{
  "version": "v3",
  "generated_at": "2026-06-18 16:39:40",
  "thresholds": {
    "elite": 0.8275699999999999,
    "veterano": 0.6891499999999999,
    "experimentado": 0.5651,
    "soldado": 0.429
  },
  "target_distribution": [
    0.1,
    0.3,
    0.35,
    0.2,
    0.05
  ],
  "predictor_weights": {
    "ps": 0.4,
    "kd": 0.25,
    "kpr": 0.15,
    "winrate": 0.2
  },
  "ps_stats": {
    "mean": 0.42,
    "median": 0.4756,
    "p95": 0.7925,
    "max": 0.9208
  }
}