{
  "version": "v3",
  "generated_at": "2026-07-14 20:15:47",
  "thresholds": {
    "elite": 0.8236899999999999,
    "veterano": 0.7058,
    "experimentado": 0.5702,
    "soldado": 0.43041
  },
  "target_distribution": [
    0.1,
    0.3,
    0.35,
    0.2,
    0.05
  ],
  "predictor_weights": {
    "ps": 0.4,
    "kd": 0.25,
    "kpr": 0.15,
    "winrate": 0.2
  },
  "norm_caps": {
    "kd": 5.0,
    "spr": 500.0,
    "kpr": 10.0,
    "rounds": 1000.0
  },
  "min_rounds": 50,
  "ps_stats": {
    "mean": 0.4277,
    "median": 0.486,
    "p95": 0.8019,
    "max": 0.9287
  }
}