{
  "version": "v3",
  "generated_at": "2026-06-23 21:16:21",
  "thresholds": {
    "elite": 0.8246100000000001,
    "veterano": 0.6954,
    "experimentado": 0.56864,
    "soldado": 0.43052
  },
  "target_distribution": [
    0.1,
    0.3,
    0.35,
    0.2,
    0.05
  ],
  "predictor_weights": {
    "ps": 0.4,
    "kd": 0.25,
    "kpr": 0.15,
    "winrate": 0.2
  },
  "ps_stats": {
    "mean": 0.4237,
    "median": 0.4777,
    "p95": 0.7947,
    "max": 0.9332
  }
}