{
  "version": "v3",
  "generated_at": "2026-06-18 19:31:38",
  "thresholds": {
    "elite": 0.82584,
    "veterano": 0.689575,
    "experimentado": 0.56632,
    "soldado": 0.42978
  },
  "target_distribution": [
    0.1,
    0.3,
    0.35,
    0.2,
    0.05
  ],
  "predictor_weights": {
    "ps": 0.4,
    "kd": 0.25,
    "kpr": 0.15,
    "winrate": 0.2
  },
  "ps_stats": {
    "mean": 0.4227,
    "median": 0.4803,
    "p95": 0.791,
    "max": 0.9328
  }
}