{
  "version": "v3",
  "generated_at": "2026-06-18 10:59:29",
  "thresholds": {
    "elite": 0.8341000000000001,
    "veterano": 0.68815,
    "experimentado": 0.5623,
    "soldado": 0.4304
  },
  "target_distribution": [
    0.1,
    0.3,
    0.35,
    0.2,
    0.05
  ],
  "predictor_weights": {
    "ps": 0.4,
    "kd": 0.25,
    "kpr": 0.15,
    "winrate": 0.2
  },
  "ps_stats": {
    "mean": 0.4089,
    "median": 0.455,
    "p95": 0.7869,
    "max": 0.9202
  }
}