{
  "version": "v3",
  "generated_at": "2026-07-21 20:43:41",
  "thresholds": {
    "elite": 0.8247599999999999,
    "veterano": 0.70465,
    "experimentado": 0.5698,
    "soldado": 0.43055000000000004
  },
  "target_distribution": [
    0.1,
    0.3,
    0.35,
    0.2,
    0.05
  ],
  "predictor_weights": {
    "ps": 0.4,
    "kd": 0.25,
    "kpr": 0.15,
    "winrate": 0.2
  },
  "norm_caps": {
    "kd": 5.0,
    "spr": 500.0,
    "kpr": 10.0,
    "rounds": 1000.0
  },
  "min_rounds": 50,
  "ps_stats": {
    "mean": 0.4271,
    "median": 0.4859,
    "p95": 0.8008,
    "max": 0.9281
  }
}