{
  "version": "v3",
  "generated_at": "2026-06-25 12:26:15",
  "thresholds": {
    "elite": 0.8244199999999999,
    "veterano": 0.6953,
    "experimentado": 0.56874,
    "soldado": 0.4306
  },
  "target_distribution": [
    0.1,
    0.3,
    0.35,
    0.2,
    0.05
  ],
  "predictor_weights": {
    "ps": 0.4,
    "kd": 0.25,
    "kpr": 0.15,
    "winrate": 0.2
  },
  "ps_stats": {
    "mean": 0.4236,
    "median": 0.4784,
    "p95": 0.7956,
    "max": 0.934
  }
}