{
  "version": "v3",
  "generated_at": "2026-07-02 13:32:21",
  "thresholds": {
    "elite": 0.82119,
    "veterano": 0.70585,
    "experimentado": 0.56968,
    "soldado": 0.43141999999999997
  },
  "target_distribution": [
    0.1,
    0.3,
    0.35,
    0.2,
    0.05
  ],
  "predictor_weights": {
    "ps": 0.4,
    "kd": 0.25,
    "kpr": 0.15,
    "winrate": 0.2
  },
  "norm_caps": {
    "kd": 5.0,
    "spr": 500.0,
    "kpr": 10.0,
    "rounds": 1000.0
  },
  "min_rounds": 50,
  "ps_stats": {
    "mean": 0.4273,
    "median": 0.4863,
    "p95": 0.7982,
    "max": 0.931
  }
}