{
  "version": "v3",
  "generated_at": "2026-06-18 11:21:56",
  "thresholds": {
    "elite": 0.8376199999999999,
    "veterano": 0.6997,
    "experimentado": 0.56628,
    "soldado": 0.43128
  },
  "target_distribution": [
    0.1,
    0.3,
    0.35,
    0.2,
    0.05
  ],
  "predictor_weights": {
    "ps": 0.4,
    "kd": 0.25,
    "kpr": 0.15,
    "winrate": 0.2
  },
  "ps_stats": {
    "mean": 0.4207,
    "median": 0.4722,
    "p95": 0.811,
    "max": 0.9088
  }
}