{
  "version": "v3",
  "generated_at": "2026-07-18 20:29:28",
  "thresholds": {
    "elite": 0.8229899999999999,
    "veterano": 0.70555,
    "experimentado": 0.57004,
    "soldado": 0.43046
  },
  "target_distribution": [
    0.1,
    0.3,
    0.35,
    0.2,
    0.05
  ],
  "predictor_weights": {
    "ps": 0.4,
    "kd": 0.25,
    "kpr": 0.15,
    "winrate": 0.2
  },
  "norm_caps": {
    "kd": 5.0,
    "spr": 500.0,
    "kpr": 10.0,
    "rounds": 1000.0
  },
  "min_rounds": 50,
  "ps_stats": {
    "mean": 0.4273,
    "median": 0.4855,
    "p95": 0.8013,
    "max": 0.9286
  }
}