{
  "version": "v3",
  "generated_at": "2026-06-30 03:10:48",
  "thresholds": {
    "elite": 0.8266999999999999,
    "veterano": 0.7028,
    "experimentado": 0.56962,
    "soldado": 0.43154000000000003
  },
  "target_distribution": [
    0.1,
    0.3,
    0.35,
    0.2,
    0.05
  ],
  "predictor_weights": {
    "ps": 0.4,
    "kd": 0.25,
    "kpr": 0.15,
    "winrate": 0.2
  },
  "ps_stats": {
    "mean": 0.4262,
    "median": 0.4847,
    "p95": 0.8025,
    "max": 0.931
  }
}