{
  "version": "v3",
  "generated_at": "2026-07-22 16:52:48",
  "thresholds": {
    "elite": 0.8253499999999999,
    "veterano": 0.705125,
    "experimentado": 0.5698799999999999,
    "soldado": 0.43072
  },
  "target_distribution": [
    0.1,
    0.3,
    0.35,
    0.2,
    0.05
  ],
  "predictor_weights": {
    "ps": 0.4,
    "kd": 0.25,
    "kpr": 0.15,
    "winrate": 0.2
  },
  "norm_caps": {
    "kd": 5.0,
    "spr": 500.0,
    "kpr": 10.0,
    "rounds": 1000.0
  },
  "min_rounds": 50,
  "ps_stats": {
    "mean": 0.4269,
    "median": 0.4858,
    "p95": 0.8006,
    "max": 0.9271
  }
}