{
  "version": "v3",
  "generated_at": "2026-06-15 20:33:43",
  "thresholds": {
    "elite": 0.8341799999999996,
    "veterano": 0.684175,
    "experimentado": 0.55638,
    "soldado": 0.4288
  },
  "target_distribution": [
    0.1,
    0.3,
    0.35,
    0.2,
    0.05
  ],
  "predictor_weights": {
    "ps": 0.4,
    "kd": 0.25,
    "kpr": 0.15,
    "winrate": 0.2
  },
  "ps_stats": {
    "mean": 0.4048,
    "median": 0.4518,
    "p95": 0.7873,
    "max": 0.9278
  }
}