{
  "version": "v3",
  "generated_at": "2026-07-05 15:16:18",
  "thresholds": {
    "elite": 0.8229099999999999,
    "veterano": 0.705775,
    "experimentado": 0.56982,
    "soldado": 0.43067000000000005
  },
  "target_distribution": [
    0.1,
    0.3,
    0.35,
    0.2,
    0.05
  ],
  "predictor_weights": {
    "ps": 0.4,
    "kd": 0.25,
    "kpr": 0.15,
    "winrate": 0.2
  },
  "norm_caps": {
    "kd": 5.0,
    "spr": 500.0,
    "kpr": 10.0,
    "rounds": 1000.0
  },
  "min_rounds": 50,
  "ps_stats": {
    "mean": 0.4276,
    "median": 0.4859,
    "p95": 0.7986,
    "max": 0.9284
  }
}