{
  "version": "v3",
  "generated_at": "2026-06-18 02:50:50",
  "thresholds": {
    "elite": 0.83231,
    "veterano": 0.6885749999999999,
    "experimentado": 0.5634600000000001,
    "soldado": 0.43027000000000004
  },
  "target_distribution": [
    0.1,
    0.3,
    0.35,
    0.2,
    0.05
  ],
  "predictor_weights": {
    "ps": 0.4,
    "kd": 0.25,
    "kpr": 0.15,
    "winrate": 0.2
  },
  "ps_stats": {
    "mean": 0.4088,
    "median": 0.4549,
    "p95": 0.787,
    "max": 0.9202
  }
}