{
  "version": "v3",
  "generated_at": "2026-06-18 23:17:09",
  "thresholds": {
    "elite": 0.82792,
    "veterano": 0.6935,
    "experimentado": 0.56792,
    "soldado": 0.42968
  },
  "target_distribution": [
    0.1,
    0.3,
    0.35,
    0.2,
    0.05
  ],
  "predictor_weights": {
    "ps": 0.4,
    "kd": 0.25,
    "kpr": 0.15,
    "winrate": 0.2
  },
  "ps_stats": {
    "mean": 0.4236,
    "median": 0.4809,
    "p95": 0.7933,
    "max": 0.9338
  }
}