{
  "version": "v3",
  "generated_at": "2026-06-18 16:28:14",
  "thresholds": {
    "elite": 0.82999,
    "veterano": 0.68765,
    "experimentado": 0.56384,
    "soldado": 0.4275
  },
  "target_distribution": [
    0.1,
    0.3,
    0.35,
    0.2,
    0.05
  ],
  "predictor_weights": {
    "ps": 0.4,
    "kd": 0.25,
    "kpr": 0.15,
    "winrate": 0.2
  },
  "ps_stats": {
    "mean": 0.4195,
    "median": 0.4744,
    "p95": 0.7887,
    "max": 0.9208
  }
}