{
  "version": "v3",
  "generated_at": "2026-07-23 18:49:27",
  "thresholds": {
    "elite": 0.8251999999999998,
    "veterano": 0.70505,
    "experimentado": 0.5704400000000001,
    "soldado": 0.43096
  },
  "target_distribution": [
    0.1,
    0.3,
    0.35,
    0.2,
    0.05
  ],
  "predictor_weights": {
    "ps": 0.4,
    "kd": 0.25,
    "kpr": 0.15,
    "winrate": 0.2
  },
  "norm_caps": {
    "kd": 5.0,
    "spr": 500.0,
    "kpr": 10.0,
    "rounds": 1000.0
  },
  "min_rounds": 50,
  "ps_stats": {
    "mean": 0.4267,
    "median": 0.4853,
    "p95": 0.8002,
    "max": 0.9271
  }
}